,name,speed,avg_f0,std_f0
0,1001_134708,4.994444444444444,103.31855589532462,13.296899139789833
